<?xml version="1.0" encoding="UTF-8"?>
<rdf:RDF xmlns:rdf="http://www.w3.org/1999/02/22-rdf-syntax-ns#" xmlns:rdfs="http://www.w3.org/2000/01/rdf-schema#" xmlns:owl="http://www.w3.org/2002/07/owl#" xmlns:skos="http://www.w3.org/2004/02/skos/core#" xmlns:dc="http://purl.org/dc/elements/1.1/" xmlns:dcterms="http://purl.org/dc/terms/" xmlns:edm="http://www.europeana.eu/schemas/edm/" xmlns:ore="http://www.openarchives.org/ore/terms/" xmlns:foaf="http://xmlns.com/foaf/0.1/" xmlns:viaf="http://viaf.org/viaf/" xmlns:rdaGr2="http://RDVocab.info/ElementsGr2/"><edm:ProvidedCHO rdf:about="nll-113708"><dc:title xml:lang="lv">XXIII Vispārēje latviešu Dziesmu svētki : kokļu mūzikas koncerts Lielajā ģildē 2003. gada 2. jūlijā 19.00 : [programma]</dc:title><dc:creator>Tautas mākslas centrs</dc:creator><dc:publisher xml:lang="lv">Rīga : Valsts aģentūra "Tautas mākslas centrs"</dc:publisher><dcterms:issued>2003</dcterms:issued><dc:format xml:lang="lv">1 trīsdaļīgi salocīts buklets</dc:format><dc:format xml:lang="lv">21 x 10 cm</dc:format><dc:language>lv</dc:language><dc:subject xml:lang="lv">Programmas</dc:subject><dc:subject xml:lang="lv">Dziesmu svētki, latviešu</dc:subject><dc:subject xml:lang="lv">Kokļu ansambļi</dc:subject><dc:subject xml:lang="lv">Koncertu programmas</dc:subject><dc:type xml:lang="en">job publication</dc:type><dc:type xml:lang="lv">Sīkiespieddarbs</dc:type><edm:type>TEXT</edm:type></edm:ProvidedCHO><edm:WebResource rdf:about="http://dom.lndb.lv/data/obj/file/19309529"><dcterms:extent>1269146</dcterms:extent></edm:WebResource><ore:Aggregation rdf:about="http://dom.lndb.lv/data/obj/113708"><edm:aggregatedCHO rdf:resource="nll-113708"/><edm:dataProvider xml:lang="en">National Library of Latvia</edm:dataProvider><edm:isShownAt rdf:resource="http://dom.lndb.lv/data/obj/113708"/><edm:isShownBy rdf:resource="http://dom.lndb.lv/data/obj/file/19309529"/><edm:provider>Latvian National E-content Aggregator</edm:provider><edm:rights rdf:resource="http://creativecommons.org/publicdomain/mark/1.0/"/></ore:Aggregation></rdf:RDF>
