<?xml version="1.0" encoding="UTF-8"?>
<rdf:RDF xmlns:rdf="http://www.w3.org/1999/02/22-rdf-syntax-ns#" xmlns:rdfs="http://www.w3.org/2000/01/rdf-schema#" xmlns:owl="http://www.w3.org/2002/07/owl#" xmlns:skos="http://www.w3.org/2004/02/skos/core#" xmlns:dc="http://purl.org/dc/elements/1.1/" xmlns:dcterms="http://purl.org/dc/terms/" xmlns:edm="http://www.europeana.eu/schemas/edm/" xmlns:ore="http://www.openarchives.org/ore/terms/" xmlns:foaf="http://xmlns.com/foaf/0.1/" xmlns:viaf="http://viaf.org/viaf/" xmlns:rdaGr2="http://RDVocab.info/ElementsGr2/"><edm:ProvidedCHO rdf:about="nll-425913"><dc:title xml:lang="lv">Rīgas 5. vidusskolas mūzikas pulciņa piedalīšanās sacensībā "Pazīsti Padomju Latviju" par tematu: "Kā Rīgas pilsētas Ļeņina rajona rūpnīcas, fabrikas un skolas gatavojas Otriem Padomju Latvijas vispārējiem Dziesmu svētkiem" : apraksti ar pievienotām fotogrāfijām</dc:title><dc:contributor>Auziņa, Regina</dc:contributor><dc:contributor>Maizīte, Rita</dc:contributor><dc:format xml:lang="lv">14 lapas (albums), t. sk. 15 fotogrāfijas ; 23,5 x 33,5 cm</dc:format><dc:description>Autogrāfs, albumā ielīmētas fotogrāfijas.</dc:description><dc:description>Ielīme: Rīgas 5. vidusskolas mūzikas pulciņš (priekšējā vāka iekšpusē).</dc:description><dc:description>Ieraksts: Vāku zīmējusi Regina Auziņa Xa kl. Tituļlapu un dzejoli rakstījuse Rita Maizīte. XII. XII b kl. Rīgā, 1950. 22. aprīlī (uz vāka atlociņa).</dc:description><dc:description>Iesējums: Caurauklots paštaisīts albums ar zīmētu vāku.</dc:description><dc:language>lv</dc:language><dc:type xml:lang="en">handwriting</dc:type><dc:type xml:lang="lv">Rokraksts</dc:type><edm:type>TEXT</edm:type></edm:ProvidedCHO><edm:WebResource rdf:about="http://dom.lndb.lv/data/obj/file/19450430"><dcterms:extent>105170117</dcterms:extent></edm:WebResource><ore:Aggregation rdf:about="http://dom.lndb.lv/data/obj/425913"><edm:aggregatedCHO rdf:resource="nll-425913"/><edm:dataProvider xml:lang="en">National Library of Latvia</edm:dataProvider><edm:isShownAt rdf:resource="http://dom.lndb.lv/data/obj/425913"/><edm:isShownBy rdf:resource="http://dom.lndb.lv/data/obj/file/19450430"/><edm:provider>Latvian National E-content Aggregator</edm:provider><edm:rights rdf:resource="http://creativecommons.org/publicdomain/mark/1.0/"/></ore:Aggregation></rdf:RDF>
