<?xml version="1.0" encoding="UTF-8"?>
<rdf:RDF xmlns:rdf="http://www.w3.org/1999/02/22-rdf-syntax-ns#" xmlns:rdfs="http://www.w3.org/2000/01/rdf-schema#" xmlns:owl="http://www.w3.org/2002/07/owl#" xmlns:skos="http://www.w3.org/2004/02/skos/core#" xmlns:dc="http://purl.org/dc/elements/1.1/" xmlns:dcterms="http://purl.org/dc/terms/" xmlns:edm="http://www.europeana.eu/schemas/edm/" xmlns:ore="http://www.openarchives.org/ore/terms/" xmlns:foaf="http://xmlns.com/foaf/0.1/" xmlns:viaf="http://viaf.org/viaf/" xmlns:rdaGr2="http://RDVocab.info/ElementsGr2/"><edm:ProvidedCHO rdf:about="nll-379012"><dc:title xml:lang="lv">Zanda Mūrniece Dziesmu Svētku parkā</dc:title><dc:format xml:lang="lv">1 fotogrāfija</dc:format><dc:subject xml:lang="lv">Fotogrāfijas</dc:subject><dc:subject xml:lang="lv">Apsīte, Marga, 1945-</dc:subject><dc:subject xml:lang="lv">Mistre, Iluta, 1969-</dc:subject><dc:subject xml:lang="lv">Skuja, Gunta, 1963-</dc:subject><dc:subject xml:lang="lv">Saulīte, Ingrīda, 1935-</dc:subject><dc:subject xml:lang="lv">Mūrniece, Zanda, 1970-</dc:subject><dc:subject xml:lang="lv">Aruma, Taisa, 1940-</dc:subject><dc:subject xml:lang="lv">Viestura dārzs (Rīga, Latvija)</dc:subject><dc:subject xml:lang="lv">Simsone, Māra, 1954-</dc:subject><dc:subject xml:lang="lv">Adāviča, Ieva, 1945-</dc:subject><dc:subject xml:lang="lv">Pētersone-Lazdāne, Iveta, 1976-</dc:subject><dc:language>lv</dc:language><dc:type xml:lang="en">photo</dc:type><dc:type xml:lang="lv">Fotogrāfija</dc:type><edm:type>IMAGE</edm:type></edm:ProvidedCHO><edm:WebResource rdf:about="http://dom.lndb.lv/data/obj/file/14154784"><dcterms:extent>150739</dcterms:extent></edm:WebResource><ore:Aggregation rdf:about="http://dom.lndb.lv/data/obj/379012"><edm:aggregatedCHO rdf:resource="nll-379012"/><edm:dataProvider xml:lang="en">National Library of Latvia</edm:dataProvider><edm:isShownAt rdf:resource="http://dom.lndb.lv/data/obj/379012"/><edm:isShownBy rdf:resource="http://dom.lndb.lv/data/obj/file/14154784"/><edm:provider>Latvian National E-content Aggregator</edm:provider><edm:rights rdf:resource="http://rightsstatements.org/vocab/InC/1.0/"/></ore:Aggregation></rdf:RDF>
