<?xml version="1.0" encoding="UTF-8"?>
<rdf:RDF xmlns:rdf="http://www.w3.org/1999/02/22-rdf-syntax-ns#" xmlns:rdfs="http://www.w3.org/2000/01/rdf-schema#" xmlns:owl="http://www.w3.org/2002/07/owl#" xmlns:skos="http://www.w3.org/2004/02/skos/core#" xmlns:dc="http://purl.org/dc/elements/1.1/" xmlns:dcterms="http://purl.org/dc/terms/" xmlns:edm="http://www.europeana.eu/schemas/edm/" xmlns:ore="http://www.openarchives.org/ore/terms/" xmlns:foaf="http://xmlns.com/foaf/0.1/" xmlns:viaf="http://viaf.org/viaf/" xmlns:rdaGr2="http://RDVocab.info/ElementsGr2/"><edm:ProvidedCHO rdf:about="nll-426061"><dc:title xml:lang="lv">Galda dziesmas IV. Wispahrigos Latw. Dseesmu un musikas Swehtkos Jelgawā 1895. g.</dc:title><dc:publisher xml:lang="lv">Jelgava : Drukajis H. Allunans</dc:publisher><dcterms:issued>1895</dcterms:issued><dc:format xml:lang="lv">4 lapas</dc:format><dc:description>Ieraksts: Svētkus atklājot sapulcējušos apsveica kārtības uzturētāju vārdā Tērbatas universitātes teoloģijas fakultātes students (matr. 12343) Mārtiņš Celmiņš no Lubānas "Nagliņiem" kā rokās atradās/bija šī lapiņa.</dc:description><dc:language>lv</dc:language><dc:type xml:lang="en">job publication</dc:type><dc:type xml:lang="lv">Sīkiespieddarbs</dc:type><edm:type>TEXT</edm:type></edm:ProvidedCHO><edm:WebResource rdf:about="http://dom.lndb.lv/data/obj/file/19451453"><dcterms:extent>3559428</dcterms:extent></edm:WebResource><ore:Aggregation rdf:about="http://dom.lndb.lv/data/obj/426061"><edm:aggregatedCHO rdf:resource="nll-426061"/><edm:dataProvider xml:lang="en">National Library of Latvia</edm:dataProvider><edm:isShownAt rdf:resource="http://dom.lndb.lv/data/obj/426061"/><edm:isShownBy rdf:resource="http://dom.lndb.lv/data/obj/file/19451453"/><edm:provider>Latvian National E-content Aggregator</edm:provider><edm:rights rdf:resource="http://creativecommons.org/publicdomain/mark/1.0/"/></ore:Aggregation></rdf:RDF>
