<?xml version="1.0" encoding="UTF-8"?>
<rdf:RDF xmlns:rdf="http://www.w3.org/1999/02/22-rdf-syntax-ns#" xmlns:rdfs="http://www.w3.org/2000/01/rdf-schema#" xmlns:owl="http://www.w3.org/2002/07/owl#" xmlns:skos="http://www.w3.org/2004/02/skos/core#" xmlns:dc="http://purl.org/dc/elements/1.1/" xmlns:dcterms="http://purl.org/dc/terms/" xmlns:edm="http://www.europeana.eu/schemas/edm/" xmlns:ore="http://www.openarchives.org/ore/terms/" xmlns:foaf="http://xmlns.com/foaf/0.1/" xmlns:viaf="http://viaf.org/viaf/" xmlns:rdaGr2="http://RDVocab.info/ElementsGr2/"><edm:ProvidedCHO rdf:about="nll-413816"><dc:title xml:lang="lv">VIII Vispārējie latviešu Dziesmu svētki : skatītāji estrādē Esplanādē [attēls]</dc:title><dc:publisher xml:lang="lv">Rīga</dc:publisher><dc:format xml:lang="lv">1 atklātne : fotogrāfija ; attēls 9 x 14 cm.</dc:format><dc:subject xml:lang="lv">Fotogrāfijas</dc:subject><dc:subject xml:lang="lv">Esplanāde (Rīga, Latvija)</dc:subject><dc:description>Datu veidotāja piešķirts nosaukums.</dc:description><dc:description>Ieraksts: [Kalnozola vēstules teksts rakstīts Rīgā 29.VII.33. atklātnes aizmugurē Jankava kungam un kundzei.]</dc:description><dc:description>Izdošanas laiks noteikts pēc ieraksta datējuma.</dc:description><dc:language>lv</dc:language><dc:type xml:lang="en">photo</dc:type><dc:type xml:lang="lv">Fotogrāfija</dc:type><edm:type>IMAGE</edm:type></edm:ProvidedCHO><edm:WebResource rdf:about="http://dom.lndb.lv/data/obj/file/17811150"><dcterms:extent>136584</dcterms:extent></edm:WebResource><edm:WebResource rdf:about="http://dom.lndb.lv/data/obj/file/17811151"><dcterms:extent>155320</dcterms:extent></edm:WebResource><ore:Aggregation rdf:about="http://dom.lndb.lv/data/obj/413816"><edm:aggregatedCHO rdf:resource="nll-413816"/><edm:dataProvider xml:lang="en">National Library of Latvia</edm:dataProvider><edm:isShownAt rdf:resource="http://dom.lndb.lv/data/obj/413816"/><edm:isShownBy rdf:resource="http://dom.lndb.lv/data/obj/file/17811151"/><edm:provider>Latvian National E-content Aggregator</edm:provider><edm:rights rdf:resource="http://creativecommons.org/publicdomain/mark/1.0/"/></ore:Aggregation></rdf:RDF>
