<?xml version="1.0" encoding="UTF-8"?>
<rdf:RDF xmlns:rdf="http://www.w3.org/1999/02/22-rdf-syntax-ns#" xmlns:rdfs="http://www.w3.org/2000/01/rdf-schema#" xmlns:owl="http://www.w3.org/2002/07/owl#" xmlns:skos="http://www.w3.org/2004/02/skos/core#" xmlns:dc="http://purl.org/dc/elements/1.1/" xmlns:dcterms="http://purl.org/dc/terms/" xmlns:edm="http://www.europeana.eu/schemas/edm/" xmlns:ore="http://www.openarchives.org/ore/terms/" xmlns:foaf="http://xmlns.com/foaf/0.1/" xmlns:viaf="http://viaf.org/viaf/" xmlns:rdaGr2="http://RDVocab.info/ElementsGr2/"><edm:ProvidedCHO rdf:about="nll-379020"><dc:title xml:lang="lv">Zanda Mūrniece VIII Vidējās paaudzes dejotāju svētkos Jelgavā</dc:title><dc:format xml:lang="lv">1 fotogrāfija</dc:format><dc:subject xml:lang="lv">Fotogrāfijas</dc:subject><dc:subject xml:lang="lv">Mūrniece, Zanda, 1970-</dc:subject><dc:subject xml:lang="lv">Raipala, Gunta, 1961-</dc:subject><dc:subject xml:lang="lv">Ludborža, Taiga, 1968-</dc:subject><dc:subject xml:lang="lv">Alpa, Maruta</dc:subject><dc:subject xml:lang="lv">Skuja, Gunta, 1963-</dc:subject><dc:subject xml:lang="lv">Apsīte, Elīna, 1974-</dc:subject><dc:subject xml:lang="lv">Purviņš, Jānis, 1971-</dc:subject><dc:subject xml:lang="lv">Dreļs, Ilmārs, 1966-</dc:subject><dc:subject xml:lang="lv">Birnbaums, Vilnis, 1962-</dc:subject><dc:language>lv</dc:language><dc:type xml:lang="en">photo</dc:type><dc:type xml:lang="lv">Fotogrāfija</dc:type><edm:type>IMAGE</edm:type></edm:ProvidedCHO><edm:WebResource rdf:about="http://dom.lndb.lv/data/obj/file/14154793"><dcterms:extent>219493</dcterms:extent></edm:WebResource><ore:Aggregation rdf:about="http://dom.lndb.lv/data/obj/379020"><edm:aggregatedCHO rdf:resource="nll-379020"/><edm:dataProvider xml:lang="en">National Library of Latvia</edm:dataProvider><edm:isShownAt rdf:resource="http://dom.lndb.lv/data/obj/379020"/><edm:isShownBy rdf:resource="http://dom.lndb.lv/data/obj/file/14154793"/><edm:provider>Latvian National E-content Aggregator</edm:provider><edm:rights rdf:resource="http://rightsstatements.org/vocab/InC/1.0/"/></ore:Aggregation></rdf:RDF>
