<?xml version="1.0" encoding="UTF-8"?>
<rdf:RDF xmlns:rdf="http://www.w3.org/1999/02/22-rdf-syntax-ns#" xmlns:rdfs="http://www.w3.org/2000/01/rdf-schema#" xmlns:owl="http://www.w3.org/2002/07/owl#" xmlns:skos="http://www.w3.org/2004/02/skos/core#" xmlns:dc="http://purl.org/dc/elements/1.1/" xmlns:dcterms="http://purl.org/dc/terms/" xmlns:edm="http://www.europeana.eu/schemas/edm/" xmlns:ore="http://www.openarchives.org/ore/terms/" xmlns:foaf="http://xmlns.com/foaf/0.1/" xmlns:viaf="http://viaf.org/viaf/" xmlns:rdaGr2="http://RDVocab.info/ElementsGr2/"><edm:ProvidedCHO rdf:about="nll-425911"><dc:title xml:lang="lv">Latweeschu IV. wispahrigo dzeesmu- un muzikas- swehtku ehka</dc:title><dc:creator>Julle, A.</dc:creator><dcterms:issued>1896</dcterms:issued><dc:format xml:lang="lv">1 lapa : zīmējums ; 23,6 x 28,7 cm</dc:format><dc:description>Zīmējums ar pievienotu tekstu rokrakstā.</dc:description><dc:description>Paraksts zīmējuma malā: AJulle 1896.</dc:description><dc:description>Zīmējumā redzama IV Vispārējo latviešu Dziesmu svētku ēka ar apkārtni: zirgu pajūgiem, cilvēkiem, dekorācijām.</dc:description><dc:language>lv</dc:language><dc:type xml:lang="en">handwriting</dc:type><dc:type xml:lang="lv">Rokraksts</dc:type><edm:type>TEXT</edm:type></edm:ProvidedCHO><edm:WebResource rdf:about="http://dom.lndb.lv/data/obj/file/19450417"><dcterms:extent>137388</dcterms:extent></edm:WebResource><ore:Aggregation rdf:about="http://dom.lndb.lv/data/obj/425911"><edm:aggregatedCHO rdf:resource="nll-425911"/><edm:dataProvider xml:lang="en">National Library of Latvia</edm:dataProvider><edm:isShownAt rdf:resource="http://dom.lndb.lv/data/obj/425911"/><edm:isShownBy rdf:resource="http://dom.lndb.lv/data/obj/file/19450417"/><edm:provider>Latvian National E-content Aggregator</edm:provider><edm:rights rdf:resource="http://creativecommons.org/publicdomain/mark/1.0/"/></ore:Aggregation></rdf:RDF>
