<?xml version="1.0" encoding="UTF-8"?>
<rdf:RDF xmlns:rdf="http://www.w3.org/1999/02/22-rdf-syntax-ns#" xmlns:rdfs="http://www.w3.org/2000/01/rdf-schema#" xmlns:owl="http://www.w3.org/2002/07/owl#" xmlns:skos="http://www.w3.org/2004/02/skos/core#" xmlns:dc="http://purl.org/dc/elements/1.1/" xmlns:dcterms="http://purl.org/dc/terms/" xmlns:edm="http://www.europeana.eu/schemas/edm/" xmlns:ore="http://www.openarchives.org/ore/terms/" xmlns:foaf="http://xmlns.com/foaf/0.1/" xmlns:viaf="http://viaf.org/viaf/" xmlns:rdaGr2="http://RDVocab.info/ElementsGr2/"><edm:ProvidedCHO rdf:about="nll-420204"><dc:title xml:lang="lv">7. Vispārējo Dziesmu svētku rīcības komiteja</dc:title><dc:publisher xml:lang="lv">Rīga : Foto K.Rake</dc:publisher><dc:format xml:lang="lv">1 fotogrāfija</dc:format><dc:subject xml:lang="lv">Fotogrāfijas</dc:subject><dc:subject xml:lang="lv">Vītols, Jāzeps, 1863-1948</dc:subject><dc:subject xml:lang="lv">Kviesis, Alberts, 1881-1944</dc:subject><dc:subject xml:lang="lv">Benjamiņš, Antons, 1860-1939</dc:subject><dc:subject xml:lang="lv">Melngailis, Emilis, 1874-1954</dc:subject><dc:subject xml:lang="lv">Reiters, Teodors, 1884-1956</dc:subject><dc:subject xml:lang="lv">Jozuus, Pēteris Pauls, 1873-1937</dc:subject><dc:language>lv</dc:language><dc:type xml:lang="en">photo</dc:type><dc:type xml:lang="lv">Fotogrāfija</dc:type><edm:type>IMAGE</edm:type></edm:ProvidedCHO><edm:WebResource rdf:about="http://dom.lndb.lv/data/obj/file/19204757"><dcterms:extent>135769</dcterms:extent></edm:WebResource><edm:WebResource rdf:about="http://dom.lndb.lv/data/obj/file/19204758"><dcterms:extent>136907</dcterms:extent></edm:WebResource><ore:Aggregation rdf:about="http://dom.lndb.lv/data/obj/420204"><edm:aggregatedCHO rdf:resource="nll-420204"/><edm:dataProvider xml:lang="en">National Library of Latvia</edm:dataProvider><edm:isShownAt rdf:resource="http://dom.lndb.lv/data/obj/420204"/><edm:isShownBy rdf:resource="http://dom.lndb.lv/data/obj/file/19204758"/><edm:provider>Latvian National E-content Aggregator</edm:provider><edm:rights rdf:resource="http://creativecommons.org/publicdomain/mark/1.0/"/></ore:Aggregation></rdf:RDF>
