<?xml version="1.0" encoding="UTF-8"?>
<rdf:RDF xmlns:rdf="http://www.w3.org/1999/02/22-rdf-syntax-ns#" xmlns:rdfs="http://www.w3.org/2000/01/rdf-schema#" xmlns:owl="http://www.w3.org/2002/07/owl#" xmlns:skos="http://www.w3.org/2004/02/skos/core#" xmlns:dc="http://purl.org/dc/elements/1.1/" xmlns:dcterms="http://purl.org/dc/terms/" xmlns:edm="http://www.europeana.eu/schemas/edm/" xmlns:ore="http://www.openarchives.org/ore/terms/" xmlns:foaf="http://xmlns.com/foaf/0.1/" xmlns:viaf="http://viaf.org/viaf/" xmlns:rdaGr2="http://RDVocab.info/ElementsGr2/"><edm:ProvidedCHO rdf:about="nll-431075"><dc:title xml:lang="lv">Latvijas valsts augstāko amatpersonu sagaidīšana IX latviešu Dziesmu svētkos Uzvaras laukumā</dc:title><dc:creator>Kraucs, Eduards Rihards, 1898-1977</dc:creator><dc:subject xml:lang="lv">Fotogrāfijas</dc:subject><dc:subject xml:lang="lv">Ulmanis, Kārlis, 1877-1942</dc:subject><dc:subject xml:lang="lv">Balodis, Jānis, 1881-1965</dc:subject><dc:subject xml:lang="lv">Bērziņš, Alfrēds, 1899-1977</dc:subject><dc:subject xml:lang="lv">Vītols, Jāzeps, 1863-1948</dc:subject><dc:language>lv</dc:language><dc:type xml:lang="en">photo</dc:type><dc:type xml:lang="lv">Fotogrāfija</dc:type><edm:type>IMAGE</edm:type></edm:ProvidedCHO><edm:WebResource rdf:about="http://dom.lndb.lv/data/obj/file/19577575"><dcterms:extent>131895</dcterms:extent></edm:WebResource><ore:Aggregation rdf:about="http://dom.lndb.lv/data/obj/431075"><edm:aggregatedCHO rdf:resource="nll-431075"/><edm:dataProvider xml:lang="en">National Library of Latvia</edm:dataProvider><edm:isShownAt rdf:resource="http://dom.lndb.lv/data/obj/431075"/><edm:isShownBy rdf:resource="http://dom.lndb.lv/data/obj/file/19577575"/><edm:provider>Latvian National E-content Aggregator</edm:provider><edm:rights rdf:resource="http://rightsstatements.org/vocab/InC/1.0/"/></ore:Aggregation></rdf:RDF>
