<?xml version="1.0" encoding="UTF-8"?>
<rdf:RDF xmlns:rdf="http://www.w3.org/1999/02/22-rdf-syntax-ns#" xmlns:rdfs="http://www.w3.org/2000/01/rdf-schema#" xmlns:owl="http://www.w3.org/2002/07/owl#" xmlns:skos="http://www.w3.org/2004/02/skos/core#" xmlns:dc="http://purl.org/dc/elements/1.1/" xmlns:dcterms="http://purl.org/dc/terms/" xmlns:edm="http://www.europeana.eu/schemas/edm/" xmlns:ore="http://www.openarchives.org/ore/terms/" xmlns:foaf="http://xmlns.com/foaf/0.1/" xmlns:viaf="http://viaf.org/viaf/" xmlns:rdaGr2="http://RDVocab.info/ElementsGr2/"><edm:ProvidedCHO rdf:about="nll-420387"><dc:title xml:lang="lv">Ozola vainags : notis</dc:title><dc:creator>Ķeniņš, Tālivaldis, 1919-2008</dc:creator><dc:contributor>Eglītis, Andrejs, 1912-2006</dc:contributor><dc:format xml:lang="lv">6 lapas</dc:format><dc:language>lv</dc:language><dc:subject xml:lang="lv">Račevskis, Edgars, 1936-</dc:subject><dc:type xml:lang="en">sheet music</dc:type><dc:type xml:lang="lv">Notis</dc:type><edm:type>IMAGE</edm:type></edm:ProvidedCHO><edm:WebResource rdf:about="http://dom.lndb.lv/data/obj/file/19206047"><dcterms:extent>5598175</dcterms:extent></edm:WebResource><ore:Aggregation rdf:about="http://dom.lndb.lv/data/obj/420387"><edm:aggregatedCHO rdf:resource="nll-420387"/><edm:dataProvider xml:lang="en">National Library of Latvia</edm:dataProvider><edm:isShownAt rdf:resource="http://dom.lndb.lv/data/obj/420387"/><edm:isShownBy rdf:resource="http://dom.lndb.lv/data/obj/file/19206047"/><edm:provider>Latvian National E-content Aggregator</edm:provider><edm:rights rdf:resource="http://creativecommons.org/publicdomain/mark/1.0/"/></ore:Aggregation></rdf:RDF>
