<?xml version="1.0" encoding="UTF-8"?>
<rdf:RDF xmlns:rdf="http://www.w3.org/1999/02/22-rdf-syntax-ns#" xmlns:rdfs="http://www.w3.org/2000/01/rdf-schema#" xmlns:owl="http://www.w3.org/2002/07/owl#" xmlns:skos="http://www.w3.org/2004/02/skos/core#" xmlns:dc="http://purl.org/dc/elements/1.1/" xmlns:dcterms="http://purl.org/dc/terms/" xmlns:edm="http://www.europeana.eu/schemas/edm/" xmlns:ore="http://www.openarchives.org/ore/terms/" xmlns:foaf="http://xmlns.com/foaf/0.1/" xmlns:viaf="http://viaf.org/viaf/" xmlns:rdaGr2="http://RDVocab.info/ElementsGr2/"><edm:ProvidedCHO rdf:about="nll-113731"><dc:title xml:lang="lv">XXV Vispārējie latviešu Dziesmu un XV Deju svētki : Vokālo ansambļu garīgās mūzikas koncerts "Latviešu psalmu dziedājumi" 2013. gada 4. jūlijā plkst. 20.00 Rīgas Sv. Jāņa baznīcā : [programma]</dc:title><dcterms:issued>2013</dcterms:issued><dc:format xml:lang="lv">1 trīsdaļīgi salocīts buklets</dc:format><dc:format xml:lang="lv">21 x 10,5 cm</dc:format><dc:language>lv</dc:language><dc:subject xml:lang="lv">Programmas</dc:subject><dc:subject xml:lang="lv">Dziesmu svētki, latviešu</dc:subject><dc:type xml:lang="en">job publication</dc:type><dc:type xml:lang="lv">Sīkiespieddarbs</dc:type><edm:type>TEXT</edm:type></edm:ProvidedCHO><edm:WebResource rdf:about="http://dom.lndb.lv/data/obj/file/11708792"><dcterms:extent>5190370</dcterms:extent></edm:WebResource><ore:Aggregation rdf:about="http://dom.lndb.lv/data/obj/113731"><edm:aggregatedCHO rdf:resource="nll-113731"/><edm:dataProvider xml:lang="en">National Library of Latvia</edm:dataProvider><edm:isShownAt rdf:resource="http://dom.lndb.lv/data/obj/113731"/><edm:isShownBy rdf:resource="http://dom.lndb.lv/data/obj/file/11708792"/><edm:provider>Latvian National E-content Aggregator</edm:provider><edm:rights rdf:resource="http://creativecommons.org/publicdomain/mark/1.0/"/></ore:Aggregation></rdf:RDF>
