<?xml version="1.0" encoding="UTF-8"?>
<rdf:RDF xmlns:rdf="http://www.w3.org/1999/02/22-rdf-syntax-ns#" xmlns:rdfs="http://www.w3.org/2000/01/rdf-schema#" xmlns:owl="http://www.w3.org/2002/07/owl#" xmlns:skos="http://www.w3.org/2004/02/skos/core#" xmlns:dc="http://purl.org/dc/elements/1.1/" xmlns:dcterms="http://purl.org/dc/terms/" xmlns:edm="http://www.europeana.eu/schemas/edm/" xmlns:ore="http://www.openarchives.org/ore/terms/" xmlns:foaf="http://xmlns.com/foaf/0.1/" xmlns:viaf="http://viaf.org/viaf/" xmlns:rdaGr2="http://RDVocab.info/ElementsGr2/"><edm:ProvidedCHO rdf:about="nll-422957"><dc:title xml:lang="lv">Vai tādēļ nedziedāju/ Rūnu raksti</dc:title><dc:contributor>Purviņš, Jānis, 1971</dc:contributor><dc:contributor>Dzīvotprieks (radošā apvienība)</dc:contributor><dc:language>lv</dc:language><dc:format xml:lang="lv">1 MP4 datne</dc:format><dc:type xml:lang="en">video</dc:type><dc:type xml:lang="lv">Video</dc:type><edm:type>VIDEO</edm:type></edm:ProvidedCHO><edm:WebResource rdf:about="http://dom.lndb.lv/data/obj/file/19305728"><dcterms:extent>261049097</dcterms:extent></edm:WebResource><ore:Aggregation rdf:about="http://dom.lndb.lv/data/obj/422957"><edm:aggregatedCHO rdf:resource="nll-422957"/><edm:dataProvider xml:lang="en">National Library of Latvia</edm:dataProvider><edm:isShownAt rdf:resource="http://dom.lndb.lv/data/obj/422957"/><edm:isShownBy rdf:resource="http://dom.lndb.lv/data/obj/file/19305728"/><edm:provider>Latvian National E-content Aggregator</edm:provider><edm:rights rdf:resource="http://rightsstatements.org/vocab/InC/1.0/"/></ore:Aggregation></rdf:RDF>
