<?xml version="1.0" encoding="UTF-8"?>
<rdf:RDF xmlns:rdf="http://www.w3.org/1999/02/22-rdf-syntax-ns#" xmlns:rdfs="http://www.w3.org/2000/01/rdf-schema#" xmlns:owl="http://www.w3.org/2002/07/owl#" xmlns:skos="http://www.w3.org/2004/02/skos/core#" xmlns:dc="http://purl.org/dc/elements/1.1/" xmlns:dcterms="http://purl.org/dc/terms/" xmlns:edm="http://www.europeana.eu/schemas/edm/" xmlns:ore="http://www.openarchives.org/ore/terms/" xmlns:foaf="http://xmlns.com/foaf/0.1/" xmlns:viaf="http://viaf.org/viaf/" xmlns:rdaGr2="http://RDVocab.info/ElementsGr2/"><edm:ProvidedCHO rdf:about="nll-420380"><dc:title xml:lang="lv">Diploms jauktajam korim "Balsis"</dc:title><dc:publisher xml:lang="lv">Rīga</dc:publisher><dc:format xml:lang="lv">1 attēls</dc:format><dc:subject xml:lang="lv">Balsis (koris)</dc:subject><dc:subject xml:lang="lv">Kupčs, Māris, 1966-</dc:subject><dc:subject xml:lang="lv">Diriģenti</dc:subject><dc:subject xml:lang="lv">Putniņš, Kaspars, 1966-</dc:subject><dc:subject xml:lang="lv">Ikauniece-Rimšēviča, Agita, 1971-</dc:subject><dc:language>lv</dc:language><dc:type xml:lang="en">image</dc:type><dc:type xml:lang="lv">Attēls</dc:type><edm:type>IMAGE</edm:type></edm:ProvidedCHO><edm:WebResource rdf:about="http://dom.lndb.lv/data/obj/file/19205981"><dcterms:extent>4867020</dcterms:extent></edm:WebResource><ore:Aggregation rdf:about="http://dom.lndb.lv/data/obj/420380"><edm:aggregatedCHO rdf:resource="nll-420380"/><edm:dataProvider xml:lang="en">National Library of Latvia</edm:dataProvider><edm:isShownAt rdf:resource="http://dom.lndb.lv/data/obj/420380"/><edm:isShownBy rdf:resource="http://dom.lndb.lv/data/obj/file/19205981"/><edm:provider>Latvian National E-content Aggregator</edm:provider><edm:rights rdf:resource="http://creativecommons.org/publicdomain/mark/1.0/"/></ore:Aggregation></rdf:RDF>
