<?xml version="1.0" encoding="UTF-8"?>
<rdf:RDF xmlns:rdf="http://www.w3.org/1999/02/22-rdf-syntax-ns#" xmlns:rdfs="http://www.w3.org/2000/01/rdf-schema#" xmlns:owl="http://www.w3.org/2002/07/owl#" xmlns:skos="http://www.w3.org/2004/02/skos/core#" xmlns:dc="http://purl.org/dc/elements/1.1/" xmlns:dcterms="http://purl.org/dc/terms/" xmlns:edm="http://www.europeana.eu/schemas/edm/" xmlns:ore="http://www.openarchives.org/ore/terms/" xmlns:foaf="http://xmlns.com/foaf/0.1/" xmlns:viaf="http://viaf.org/viaf/" xmlns:rdaGr2="http://RDVocab.info/ElementsGr2/"><edm:ProvidedCHO rdf:about="nll-378000"><dc:title xml:lang="lv">7. Vispārējie Dziesmu svētki. Rīgā</dc:title><dc:publisher xml:lang="lv">Rīga : Fotogrāfu biedrības izdevums, M. Buclera fotorūpniecība.</dc:publisher><dc:format xml:lang="lv">1 atklātne : fotogrāfija ; 9 x 14 cm</dc:format><dc:subject xml:lang="lv">Esplanāde (Rīga, Latvija)</dc:subject><dc:subject xml:lang="lv">Vītols, Jāzeps, 1863-1948</dc:subject><dc:subject xml:lang="lv">Kviesis, Alberts, 1881-1944</dc:subject><dc:subject xml:lang="lv">Zemgals, Gustavs, 1871-1939</dc:subject><dc:subject xml:lang="lv">Ulmanis, Kārlis, 1877-1942</dc:subject><dc:language>lv</dc:language><dc:type xml:lang="en">postcard</dc:type><dc:type xml:lang="lv">Atklātne</dc:type><edm:type>IMAGE</edm:type></edm:ProvidedCHO><edm:WebResource rdf:about="http://dom.lndb.lv/data/obj/file/14653400"><dcterms:extent>132061</dcterms:extent></edm:WebResource><ore:Aggregation rdf:about="http://dom.lndb.lv/data/obj/378000"><edm:aggregatedCHO rdf:resource="nll-378000"/><edm:dataProvider xml:lang="en">National Library of Latvia</edm:dataProvider><edm:isShownAt rdf:resource="http://dom.lndb.lv/data/obj/378000"/><edm:isShownBy rdf:resource="http://dom.lndb.lv/data/obj/file/14653400"/><edm:provider>Latvian National E-content Aggregator</edm:provider><edm:rights rdf:resource="http://creativecommons.org/publicdomain/mark/1.0/"/></ore:Aggregation></rdf:RDF>
