<?xml version="1.0" encoding="UTF-8"?>
<rdf:RDF xmlns:rdf="http://www.w3.org/1999/02/22-rdf-syntax-ns#" xmlns:rdfs="http://www.w3.org/2000/01/rdf-schema#" xmlns:owl="http://www.w3.org/2002/07/owl#" xmlns:skos="http://www.w3.org/2004/02/skos/core#" xmlns:dc="http://purl.org/dc/elements/1.1/" xmlns:dcterms="http://purl.org/dc/terms/" xmlns:edm="http://www.europeana.eu/schemas/edm/" xmlns:ore="http://www.openarchives.org/ore/terms/" xmlns:foaf="http://xmlns.com/foaf/0.1/" xmlns:viaf="http://viaf.org/viaf/" xmlns:rdaGr2="http://RDVocab.info/ElementsGr2/"><edm:ProvidedCHO rdf:about="nll-420384"><dc:title xml:lang="lv">Meitene : notis</dc:title><dc:creator>Kalsons, Romualds, 1936-</dc:creator><dc:contributor>Ziedonis, Imants, 1933-2013</dc:contributor><dc:format xml:lang="lv">8 lapas</dc:format><dc:subject xml:lang="lv">Račevskis, Edgars, 1936-</dc:subject><dc:language>lv</dc:language><dc:type xml:lang="en">sheet music</dc:type><dc:type xml:lang="lv">Notis</dc:type><edm:type>IMAGE</edm:type></edm:ProvidedCHO><edm:WebResource rdf:about="http://dom.lndb.lv/data/obj/file/19206007"><dcterms:extent>8604483</dcterms:extent></edm:WebResource><ore:Aggregation rdf:about="http://dom.lndb.lv/data/obj/420384"><edm:aggregatedCHO rdf:resource="nll-420384"/><edm:dataProvider xml:lang="en">National Library of Latvia</edm:dataProvider><edm:isShownAt rdf:resource="http://dom.lndb.lv/data/obj/420384"/><edm:isShownBy rdf:resource="http://dom.lndb.lv/data/obj/file/19206007"/><edm:provider>Latvian National E-content Aggregator</edm:provider><edm:rights rdf:resource="http://creativecommons.org/publicdomain/mark/1.0/"/></ore:Aggregation></rdf:RDF>
