<?xml version="1.0" encoding="UTF-8"?>
<rdf:RDF xmlns:rdf="http://www.w3.org/1999/02/22-rdf-syntax-ns#" xmlns:rdfs="http://www.w3.org/2000/01/rdf-schema#" xmlns:owl="http://www.w3.org/2002/07/owl#" xmlns:skos="http://www.w3.org/2004/02/skos/core#" xmlns:dc="http://purl.org/dc/elements/1.1/" xmlns:dcterms="http://purl.org/dc/terms/" xmlns:edm="http://www.europeana.eu/schemas/edm/" xmlns:ore="http://www.openarchives.org/ore/terms/" xmlns:foaf="http://xmlns.com/foaf/0.1/" xmlns:viaf="http://viaf.org/viaf/" xmlns:rdaGr2="http://RDVocab.info/ElementsGr2/"><edm:ProvidedCHO rdf:about="nll-413794"><dc:title xml:lang="lv">Latviešu deviņu vispārējo dziesmu svētku kori un diriģenti (1873.-1938.). I daļa, Koru vēsture</dc:title><dc:publisher xml:lang="lv">Rīgā</dc:publisher><dc:format xml:lang="lv">32 lapas + 1 koka kaste (kartotēka)</dc:format><dc:subject xml:lang="lv">Manuskripti</dc:subject><dc:description>Autora tiesības paturētas (titlp.).</dc:description><dc:description>Mašīnraksta kopija.</dc:description><dc:description>Pielikumā: Latviešu deviņu vispārējo dziesmu svētku koru un diriģentu kartotēka. 792 kartītes par koriem un 981 kartīte par diriģentiem. Autogrāfs.</dc:description><dc:language>lv</dc:language><dc:type xml:lang="en">handwriting</dc:type><dc:type xml:lang="lv">Rokraksts</dc:type><edm:type>TEXT</edm:type></edm:ProvidedCHO><edm:WebResource rdf:about="http://dom.lndb.lv/data/obj/file/19204781"><dcterms:extent>83722769</dcterms:extent></edm:WebResource><ore:Aggregation rdf:about="http://dom.lndb.lv/data/obj/413794"><edm:aggregatedCHO rdf:resource="nll-413794"/><edm:dataProvider xml:lang="en">National Library of Latvia</edm:dataProvider><edm:isShownAt rdf:resource="http://dom.lndb.lv/data/obj/413794"/><edm:isShownBy rdf:resource="http://dom.lndb.lv/data/obj/file/19204781"/><edm:provider>Latvian National E-content Aggregator</edm:provider><edm:rights rdf:resource="http://creativecommons.org/publicdomain/mark/1.0/"/></ore:Aggregation></rdf:RDF>
